id,title,company,category,location,paid,rate,hours,duration,deadline,open,requirements,apply_url,source,description,employment_type,seniority_level,job_function,industries,applicant_count,company_url,company_logo,posting_date,linkedin_id
1,General Studio Internship,Mystery Street Recording Company,Recording Studio,"Chicago, IL",,,Min 16/wk,May–Aug 2026,2026-05-07,True,Junior/senior audio student; COVID vaccination; Professional demeanor,https://www.mysterystreetrecording.com/internship/,curated,,,Internship,,,,,,,
2,Audio Preservation Internship,Mystery Street Recording Company,Recording Studio,"Chicago + Sandwich, IL",,,Min 16/wk,May–Aug 2026,2026-05-07,True,Analog/legacy format experience; Sandwich IL 1 day/wk,https://www.mysterystreetrecording.com/internship/,curated,,,Internship,,,,,,,
3,Live Sound Internship,Mystery Street Recording Company,Live Sound & Events,"Chicago, IL",,,Min 16/wk + nights/weekends,May–Aug 2026,2026-05-07,True,Pro Tools; PA systems; Lift 50 lbs; Night/weekend availability,https://www.mysterystreetrecording.com/internship/,curated,,,Internship,,,,,,,
4,Studio Systems Internship,Mystery Street Recording Company,Sound Engineering,"Chicago, IL",,,Min 16/wk,May–Aug 2026,2026-05-07,True,Signal flow; DAW troubleshooting; Soldering,https://www.mysterystreetrecording.com/internship/,curated,,,Internship,,,,,,,
5,Music Business Internship,Mystery Street Recording Company,Music Business,"Chicago, IL",,,Min 16/wk,May–Aug 2026,2026-05-07,True,Marketing; Visual content; Promo writing,https://www.mysterystreetrecording.com/internship/,curated,,,Internship,,,,,,,
6,Audio News Desk Intern,Chicago Public Media (WBEZ),Broadcast & Radio,"Chicago, IL",True,$20/hr,40/wk,"Jun 9 – Sep 10, 2026",2026-03-20,False,Reporting experience preferred; Collaboration skills,https://job-boards.greenhouse.io/cpm/jobs/4655132006,curated,,,Internship,,,,,,,
7,Summer Internship Program,Shure,Sound Engineering,"Niles, IL (or remote)",True,Competitive + housing stipend,Full-time,12 weeks,,True,Undergrad or grad student; Audio engineering field,https://www.shure.com/en-US/about-us/careers,curated,,,Internship,,,,,,,
8,Recording / Film Production Intern,Uptown Recording Studio,Recording Studio,"Chicago, IL",,,TBD,TBD,Rolling,True,Recording or film production student,https://www.uptownrecording.com/internship.html,curated,,,Internship,,,,,,,
9,CSO Recording Internship,Chicago Symphony Orchestra,Recording Studio,"Chicago, IL",,,TBD,TBD,,,Audio engineering student; Orchestral music interest; Pyramix DAW,https://www.fastweb.com/career-planning/internships/171050-cso-recording-internship,curated,,,Internship,,,,,,,
10,CRC Internship Program,Chicago Recording Company,Recording Studio,"Chicago, IL",,,TBD,3 months,,,Pursuing music engineering career,https://www.fastweb.com/career-planning/internships/171289-crc-internship-program,curated,,,Internship,,,,,,,
11,Audio Intern (Sunday Services),Unity Chicago,Live Sound & Events,"Chicago, IL",False,Unpaid,~3/wk (Sundays),Spring/Summer 2026,,True,Livestream support; Audio tech assistance,https://www.linkedin.com/jobs/audio-internship-jobs-chicago-il,curated,,,Internship,,,,,,,
12,Recording Studio Assistant,Rebecca Crown Library,Recording Studio,"Chicago, IL",True,$15/hr,10–16/wk,Spring 2026,,True,Pro Tools / Logic / Ableton; Audio equipment knowledge,"https://www.glassdoor.com/Job/chicago-music-studio-jobs-SRCH_IL.0,7_IC1128808_KO8,20.htm",curated,,,Internship,,,,,,,
13,ESPN Chicago Summer Internship,ESPN Chicago (Good Karma Brands),Broadcast & Radio,"Chicago, IL",True,$16.60/hr,25–30/wk,Jun–Aug 2026,2026-03-20,False,College student or recent grad; Sports media interest,"https://www.ziprecruiter.com/Jobs/Radio-Broadcasting-Internship/-in-Chicago,IL",curated,,,Internship,,,,,,,
14,Multicultural Internship Program,Illinois Broadcasters Association,Broadcast & Radio,Illinois,,,TBD,Summer 2026,Passed,False,Diverse background; Broadcasting interest,https://ilba.org/student-opportunities/minority-internship-program/,curated,,,Internship,,,,,,,
15,Wasserman Music Summer Internship,Wasserman,Music Business,"Chicago, IL",True,Paid,40/wk,10 weeks (Jun–Aug 2026),2026-01-18,False,Full-time in-person availability,"https://www.glassdoor.com/Job/chicago-music-business-intern-jobs-SRCH_IL.0,7_IC1128808_KO8,29.htm",curated,,,Internship,,,,,,,
16,Production & Project Management Intern,Fever,Live Sound & Events,"Chicago, IL",,,TBD,"Jun 1 – Aug 7, 2026",,True,Live entertainment / culture tech interest,"https://www.ziprecruiter.com/Jobs/Live-Event-Production-Internship/-in-Chicago,IL",curated,,,Internship,,,,,,,
17,Programming Internship,Cinema/Chicago (Film Festival),Post-Production & Film,"Chicago, IL",False,Unpaid,Min 20/wk,3+ months,2026-02-20,False,Film knowledge; Writing skills; Google Suite,https://www.chicagofilmfestival.com/about/internships/,curated,,,Internship,,,,,,,
18,ABC7 News Intern – Summer/Fall 2026,Disney / ABC7 Chicago,Broadcast & Radio,"Chicago, IL",,,TBD,Summer/Fall 2026,,True,Broadcast journalism interest; College student,https://www.disneycareers.com/en/job/chicago/wls-tv-abc7-news-intern-summer-fall-2026/391/92213349600,curated,,,Internship,,,,,,,
19,Creative Services Intern – CBS Chicago,CBS Chicago (Paramount),Broadcast & Radio,"Chicago, IL",,,TBD,Summer 2026,,True,Video production interest,"https://careers.paramount.com/job/Chicago-Creative-Services-Intern,-CBS-Chicago-(Summer-2026)-IL-60602/1350990100/",curated,,,Internship,,,,,,,
20,AV Internship Program,AV Chicago,AV & Technical,"Chicago, IL",,,TBD,TBD,,,Event production / AV tech interest,https://avchicago.com/careers/,curated,,,Internship,,,,,,,
21,Global Product Management Intern E&C Large,Shure,Marketing,"Niles, IL",,,Full-time,,,True,,https://www.linkedin.com/jobs/view/global-product-management-intern-e-c-large-at-shure-4387744427,linkedin,"SUMMER 2026

Shure offers a challenging, fun and rewarding summer internship program. The twelve-week program is offered to undergraduate and graduate students. We offer internships with a variety of work arrangements from onsite interns to fully remote in US. Each intern will receive a competitive salary. Additionally, Interns who are asked to relocate to Illinois for onsite internships will receive a housing stipend to cover living expenses. Applications will be collected, reviewed, and select",Full-time,Internship,Product Management and Marketing,Computers and Electronics Manufacturing,81 applicants,https://www.linkedin.com/company/shure-incorporated,https://media.licdn.com/dms/image/v2/D560BAQFMwALB-AbqIQ/company-logo_100_100/B56ZrAtYLPIcAQ-/0/1764169712721/shure_incorporated_logo?e=2147483647&v=beta&t=aHCzgK8K7JkAvQ0lIT3IvAKTtfP34t12K1BFhg5UMRQ,2026-03-19,4387744427
22,Marketing Internship,Happy Hospitality,Marketing,"Chicago, IL",,,,,,True,,https://www.linkedin.com/jobs/view/marketing-internship-at-happy-hospitality-4390053000,linkedin,"Happy Hospitality Marketing Internship 

Part-Time | Paid | On-Site (Chicago, IL)

As an intern, you'll gain hands-on experience supporting our marketing team, working across marketing, content, and brand initiatives while learning directly from industry leaders. If you thrive in a fast-paced environment, love all things marketing and social media, and want the chance to collaborate and brainstorm with a creative team, this is the perfect opportunity for you! We're a rapidly growing, trendy rest",Internship,Internship,Marketing,"Wireless Services, Telecommunications, and Communications Equipment Manufacturing",56 applicants,https://www.linkedin.com/company/happy-camper-pizzeria,https://media.licdn.com/dms/image/v2/C560BAQHCUnGGOXbUPg/company-logo_100_100/company-logo_100_100/0/1630612045235?e=2147483647&v=beta&t=MnAmuNZNhQXLzMM9hzT7O6miAUA_nNWpFrb-PANQBo0,2026-03-25,4390053000
23,"LN Concerts, Marketing Intern",Live Nation Entertainment,Live Sound & Events,"Chicago, IL",,,Part-time,,,True,,https://www.linkedin.com/jobs/view/ln-concerts-marketing-intern-at-live-nation-entertainment-4388242189,linkedin,"Job Summary

WHO ARE WE?

Live Nation Entertainment is the world’s leading live entertainment company, comprised of global market leaders: Ticketmaster, Live Nation Concerts, and Live Nation Media & Sponsorship. Ticketmaster is the global leader in event ticketing with over 620 million tickets sold annually and approximately 10,000 clients worldwide. Live Nation Concerts is the largest provider of live entertainment in the world promoting more than 50,000 events annually for nearly 7,000 artists",Part-time,Internship,Marketing and Sales,Entertainment Providers,Over 200 applicants,https://www.linkedin.com/company/live-nation,https://media.licdn.com/dms/image/v2/D560BAQFoHeHoLOo95A/company-logo_100_100/company-logo_100_100/0/1724703653739/live_nation_logo?e=2147483647&v=beta&t=lnUF06zJGxGUkpuONUSyUpnDL7rzhlbpKP3I6HQAhks,2026-03-21,4388242189
24,Marketing Intern,Baxter & Woodman,Marketing,"Chicago, IL",,,,,,True,,https://www.linkedin.com/jobs/view/marketing-intern-at-baxter-woodman-4386363562,linkedin,"Your future position: Marketing Intern

Position Type: Part-Time (20-30 hours per week)

Choose your location: Crystal Lake or Chicago, IL

Why you should join our team! Why Baxter & Woodman?

At Baxter & Woodman, both seasoned professionals and recent graduates find more than a job; they uncover a long-lasting, fulfilling career with a distinguished leader in technology and innovation. Our work environment is extraordinary and being honored as one of the 2025 Zweig Best Firms to Work For exempl",Internship,Internship,Marketing and Sales,Civil Engineering,165 applicants,https://www.linkedin.com/company/baxter-&-woodman,https://media.licdn.com/dms/image/v2/D4D0BAQEm_FUHmLteRg/company-logo_100_100/company-logo_100_100/0/1738770332569/baxter__woodman_logo?e=2147483647&v=beta&t=HzS0EMIP0CIa-vV8-_5e4KsotAm-Zif2Vsps552Ponw,2026-03-16,4386363562
25,Content Marketing Intern,Minitab,Marketing,"Chicago, IL",False,Unpaid,,,,True,,https://www.linkedin.com/jobs/view/content-marketing-intern-at-minitab-4361577675,linkedin,"We are seeking a highly motivated and detail-oriented Content Marketing Intern to join our marketing team. This internship offers an excellent opportunity to gain hands-on experience in content creation, marketing, and brand communication and design.

The primary responsibility is to assist in developing high-quality, engaging content for various marketing channels. This includes working on content-related projects, auditing existing content, assisting in the production of email marketing campai",Volunteer,Internship,Marketing and Sales,Software Development,Over 200 applicants,https://www.linkedin.com/company/minitab,https://media.licdn.com/dms/image/v2/D560BAQGdPycrV8n3Rw/company-logo_100_100/B56ZipqbGBG4AQ-/0/1755193127568/minitab_logo?e=2147483647&v=beta&t=wKui2z4ssdWorqsYTjP-eUNsvqJiziz4b4wpigQacNw,2026-03-19,4361577675
26,Marketing Intern,ThinkMarkets,Marketing,"Chicago, IL",,,Full-time,,,True,,https://www.linkedin.com/jobs/view/marketing-intern-at-thinkmarkets-4391167366,linkedin,"ThinkMarkets is a global online brokerage firm, specializing in multi-asset trading solutions to thousands of clients around the world. With our flagship ThinkTrader platform, we allow our clients to trade the world 24 hours a day. Our mission is to build an AI-first trading platform by providing access to global markets, advanced trading features and thousands of products across multiple geographies so our clients can trade the world. We use the latest technologies to give traders seamless acce",Full-time,Internship,Marketing and Sales,Financial Services,Be among the first 25 applicants,https://www.linkedin.com/company/thinkmarkets,https://media.licdn.com/dms/image/v2/D4D0BAQGaB782Veeqdw/company-logo_100_100/B4DZwOnXheJcAQ-/0/1769771727380/thinkmarkets_logo?e=2147483647&v=beta&t=XJfKX3aI6ClkkHzsxC9PQyk5tEnNzhPuRYYIr07jXac,2026-03-26,4391167366
27,Design Student Intern - High School,CannonDesign,Design & Engineering,"Chicago, IL",,,Full-time,,,True,,https://www.linkedin.com/jobs/view/design-student-intern-high-school-at-cannondesign-4374671892,linkedin,"If you think your skills, experience and aspirations make you a good match for this position, we encourage you to apply.

About The Role

This internship will work under the supervision of a Licensed Architect and project leadership, providing students with an opportunity to be a member of our multi-disciplinary team.

Here's What You'll Do


Participate in and observe the design process.
Participate in the review of construction phase documentation.
Attend project, team and office meetings.
Exp",Full-time,Internship,Education and Training,Architecture and Planning,Be among the first 25 applicants,https://www.linkedin.com/company/cannon-design,https://media.licdn.com/dms/image/v2/C4E0BAQFJjRMTxrFphQ/company-logo_100_100/company-logo_100_100/0/1675860978343/cannon_design_logo?e=2147483647&v=beta&t=EgRq4gSWotG8zSN4GZBMa_-0bmQW2f6yu4W_RBbMd3A,2026-02-21,4374671892
28,Innovation Marketing Internship,McCain Foods,Marketing,"Chicago, IL",,,Full-time,,,True,,https://www.linkedin.com/jobs/view/innovation-marketing-internship-at-mccain-foods-4387647847,linkedin,"Position Title: Global Snacking - Innovation Marketing Intern

Position Type: Temporary - Full-Time

Grade: Grade 01

Requisition ID: 41499

Innovation Marketing Internship.

Oakbrook, IL

In every role, McCainers are ambitious, curious, and passionate about creating exceptional work experiences - together. With a customer-first mindset, we make doing business with McCain easy.

About The Role.

We are seeking an Innovation Marketing Intern to support our Global Snacking Innovation Marketing tea",Full-time,Internship,Marketing and Sales,Food and Beverage Manufacturing,147 applicants,https://ca.linkedin.com/company/mccainfoods,https://media.licdn.com/dms/image/v2/C560BAQGZKGpvfxL2rg/company-logo_100_100/company-logo_100_100/0/1631309987611?e=2147483647&v=beta&t=WJVn8X0TR9pchOZipxW8c_Qzo3NYirCpzpH2wA7L91o,2026-03-19,4387647847
29,Architecture - Student Intern (Summer 2026),HOK,Design & Engineering,"Chicago, IL",False,Unpaid,,,,True,,https://www.linkedin.com/jobs/view/architecture-student-intern-summer-2026-at-hok-4370920421,linkedin,"HOK is a collective of future-forward thinkers and designers who are driven to face the critical challenges of our time. We are dedicated to improving people's lives, serving our clients and healing the planet. Together, we cultivate a culture of design excellence at the confluence of art and science, blending the power of creative expression with a clear sense of purpose.

Our Chicago studio is currently seeking an Architecture intern to join our team this summer. This internship offers an exci",Volunteer,Internship,Education and Training,Architecture and Planning,Over 200 applicants,https://www.linkedin.com/company/hok,https://media.licdn.com/dms/image/v2/C4E0BAQEnJSUjnvLqJA/company-logo_100_100/company-logo_100_100/0/1630655098140/hok_logo?e=2147483647&v=beta&t=fh7qp4xrPX4eg8m9QxfA4ROFo-9EKwv1d63brc6F4ng,2026-03-25,4370920421
30,Integrated Marketing Internship,Lawson Products,Marketing,"Chicago, IL",False,Unpaid,,,,True,,https://www.linkedin.com/jobs/view/integrated-marketing-internship-at-lawson-products-4363983504,linkedin,"About The Internship

Lawson Products and Kent Automotive are looking for a high-energy, creative, and curious Integrated Marketing Intern who’s excited to see how marketing comes together across multiple channels.

If you’re interested in how campaigns move from idea to execution — across email, web, sales, and digital channels — and you enjoy learning how teams collaborate to deliver a consistent message, this internship is for you.

You’ll work closely with our marketing team and gain hands-o",Volunteer,Internship,Marketing and Sales,"Transportation, Logistics, Supply Chain and Storage",Over 200 applicants,https://www.linkedin.com/company/lawson-products,https://media.licdn.com/dms/image/v2/D560BAQGAuSmaa2FmFA/company-logo_100_100/B56ZcSAt3AHgAQ-/0/1748353867498/lawson_products_logo?e=2147483647&v=beta&t=rn2SJ7yGaUKyWVgviq9tKbXY4LHNObjx00Tv6_vArkU,2026-03-27,4363983504
31,Marketing Internship,"Nautilus Solar Energy, LLC",Marketing,"Chicago, IL",True,$25.00/yr - $25.00/yr,,,,True,,https://www.linkedin.com/jobs/view/marketing-internship-at-nautilus-solar-energy-llc-4375438120,linkedin,"Position Summary

Nautilus Solar Energy® is a leading owner-operator of solar projects focused on large industrial, and community solar markets located throughout the United States. A pioneer in solar energy since 2006, Nautilus is committed to creating a clean, sustainable future by offering an equitable and affordable renewable energy choice. Through its Community Solar initiative, Nautilus is making solar energy available to a broader marketplace, including low to middle income (LMI) househol",Temporary,Internship,Other,IT Services and IT Consulting,Be among the first 25 applicants,https://www.linkedin.com/company/nautilus-solar-energy-llc,https://media.licdn.com/dms/image/v2/D4E0BAQFTnhl9qRVsGw/company-logo_100_100/company-logo_100_100/0/1705070504440/nautilus_solar_energy_llc_logo?e=2147483647&v=beta&t=EL5VwaPAD6dZoVhvgI1i2todbszP_NMgAaxmBNw81Tk,2026-02-19,4375438120
32,Marketing Intern,Coinflow,Marketing,"Chicago, IL",,,,,,True,,https://www.linkedin.com/jobs/view/marketing-intern-at-coinflow-4388476915,linkedin,"About Coinflow

Coinflow is the next-generation payment service provider revolutionizing global financial infrastructure with stablecoins, AI-driven fraud prevention, and instant settlement. Coinflow enables businesses to grow faster with instant settlement, fraud & chargeback indemnity, global pay-ins, multi-currency FX, and unified payouts. Founded in 2023, the company serves marketplaces, fintechs, remittance providers, gaming platforms, and ecommerce merchants worldwide.

Since our seed roun",Other,Internship,Marketing and Sales,Financial Services,122 applicants,https://www.linkedin.com/company/coinflow-labs,https://media.licdn.com/dms/image/v2/D560BAQEV436lRmPIQA/company-logo_100_100/B56ZjOpIG5G0AQ-/0/1755813545579/coinflow_labs_logo?e=2147483647&v=beta&t=Ou9hsMaBKL3X2HSDFBaOby4iiRGg1UIyfARDQj1Ij34,2026-03-24,4388476915
33,Marketing Internship,McCain Foods,Marketing,"Oakbrook Terrace, IL",,,Full-time,,,True,,https://www.linkedin.com/jobs/view/marketing-internship-at-mccain-foods-4388702116,linkedin,"Position Title: NA Commercial - Marketing Internship - NA Foodservice - Summer 2026

Position Type: Temporary - Full-Time

Grade: Grade 01

Requisition ID: 41160

Marketing Internship – Food Service Portfolio Strategy.

Oakbrook, IL

In every role, McCainers are ambitious, curious, and passionate about creating exceptional work experiences - together. With a customer-first mindset, we make doing business with McCain easy.

About The Role.

This internship presents an exceptional opportunity to j",Full-time,Internship,Marketing and Sales,Food and Beverage Manufacturing,87 applicants,https://ca.linkedin.com/company/mccainfoods,https://media.licdn.com/dms/image/v2/C560BAQGZKGpvfxL2rg/company-logo_100_100/company-logo_100_100/0/1631309987611?e=2147483647&v=beta&t=WJVn8X0TR9pchOZipxW8c_Qzo3NYirCpzpH2wA7L91o,2026-03-21,4388702116
34,Marketing Intern,The Bradford Exchange,Marketing,"Niles, IL",,,,,,True,,https://www.linkedin.com/jobs/view/marketing-intern-at-the-bradford-exchange-4381673200,linkedin,"Impassioned…Emboldened…Infinitely Curious: The Bradford Group family of brands is a world leader in new product development. We have been selling joy for over 50 years! Our global organization consists of various business divisions ranging from jewelry, apparel, collectible coins and so much more. We concept, create, design and market our creative products directly to our customers, and leverage licenses with the biggest names in entertainment and sports to bring unique and curated products to o",Internship,Internship,Marketing and Sales,Online and Mail Order Retail,66 applicants,https://www.linkedin.com/company/the-bradford-exchange,https://media.licdn.com/dms/image/v2/C4E0BAQHKNy5wXewx0g/company-logo_100_100-alternative/company-logo_100_100-alternative/0/1630626273514/the_bradford_exchange_logo?e=2147483647&v=beta&t=RC9Xwpg-gJ3Ln6WV5Vzx2_fXnGFNHlgN_mUDzAFGOc0,2026-03-05,4381673200
35,Marketing Internship | First-Generation College Students,Publicis Sapient,Marketing,"Chicago, IL",,,,,,True,,https://www.linkedin.com/jobs/view/marketing-internship-first-generation-college-students-at-publicis-sapient-4388880074,linkedin,"Job Description

This Marketing Internship program is designed and available for first-generation college students.

As a Marketing Intern, you will do more than contribute. You will take ownership. From day one, you will help shape strategies that drive business growth, elevate our brand, and strengthen how we connect with the clients and prospects who matter most. You will be immersed in real marketing work within a fast-paced, collaborative environment where your thinking, creativity, and exe",Temporary,Internship,Marketing and Sales,Business Consulting and Services,52 applicants,https://www.linkedin.com/company/publicissapient,https://media.licdn.com/dms/image/v2/D4E0BAQFFzEm8Vg3Lwg/company-logo_100_100/B4EZqics_9KMAU-/0/1763662025177?e=2147483647&v=beta&t=L6bDh0cewJ8vgNXVeKU66gRxOlKKUeOE2Vo6krt13bQ,2026-03-24,4388880074
36,Marketing Intern,"PSG, a Dover company",Marketing,"Downers Grove, IL",True,$24.00/hr - $24.00/hr,Full-time,,,True,,https://www.linkedin.com/jobs/view/marketing-intern-at-psg-a-dover-company-4372416409,linkedin,"PSG® is the global pump, metering and dispensing-solution expert, enabling the safe and efficient transfer of critical and valuable fluids that require optimal performance and reliability in applications where it matters most. Additionally, PSG is a leading provider of flow meters designed to reduce waste and downtime while accurately measuring, monitoring and controlling the distribution of fluids. Headquartered in Downers Grove, IL, USA, PSG is comprised of several world-class brands, includin",Full-time,Internship,Marketing and Sales,Machinery Manufacturing,Over 200 applicants,https://www.linkedin.com/company/the-pump-solutions-group,https://media.licdn.com/dms/image/v2/C4E0BAQEyJd0zZjxLOQ/company-logo_100_100/company-logo_100_100/0/1631369664842?e=2147483647&v=beta&t=Gq9SJ6AFOzogg3qFkMXM53ZMR34hfpFfbeqqsnBPfkc,2026-03-11,4372416409
37,Architectural Design Intern | Summer 2026,DLR Group,Design & Engineering,"Chicago, IL",False,Unpaid,,,,True,,https://www.linkedin.com/jobs/view/architectural-design-intern-summer-2026-at-dlr-group-4354045480,linkedin,"DLR Group is an integrated design firm with a promise to elevate the human experience through design. This fuels the work we do around the world and inspires our mission to improve the lives of our clients, our communities, and our planet. If this sparks your interest, you’re in the right place.

Our Chicago, Illinois studio has an opening for an Architectural Design Summer Intern. We have multiple positions and locations available; please refer to all openings posted and apply to the locations ",Volunteer,Internship,"Design, Art/Creative, and Information Technology",Architecture and Planning,Over 200 applicants,https://www.linkedin.com/company/dlrgroup,https://media.licdn.com/dms/image/v2/C4E0BAQGIrSHUPMuAng/company-logo_100_100/company-logo_100_100/0/1634654651159/dlrgroup_logo?e=2147483647&v=beta&t=IIcspPUmwuXiaR9ucgiiwoXzPEgTFmmxprR7Cyutfgk,2026-01-20,4354045480
38,Operations and Marketing Intern,Waterton,Music Business,"Chicago, IL",,,Part-time,,,True,,https://www.linkedin.com/jobs/view/operations-and-marketing-intern-at-waterton-4386490111,linkedin,"About Waterton

Waterton has grown from very humble beginnings with one phone and two desks to the successful, nationally recognized real estate investment and property management firm it is today. As Waterton has evolved and grown, one thing has remained constant - the drive to achieve results by exceeding expectations. For over 25 years Waterton remains passionate about delivering an incredible Resident Experience, which we believe is made possible by offering an extraordinary experience for o",Part-time,Internship,Marketing and Sales,Real Estate,150 applicants,https://www.linkedin.com/company/waterton,https://media.licdn.com/dms/image/v2/D560BAQE-k-InZn7lBA/company-logo_100_100/B56ZuPLzPSIcAQ-/0/1767633794356/waterton_logo?e=2147483647&v=beta&t=9c_NKtuacboa4yBZn_aKlPHOeA_KuY4CAQjXAzDWdqg,2026-03-17,4386490111
39,Marketing Ops & AI Intern,SpotHero,Marketing,"Chicago, IL",,,,,,True,,https://www.linkedin.com/jobs/view/marketing-ops-ai-intern-at-spothero-4382019248,linkedin,"At SpotHero, we work as a team to empower people to get everywhere, easier! We’re rapidly growing with the mission of bringing the parking industry into the future through technology. Drivers across the nation use the SpotHero mobile app and website to reserve convenient, affordable parking in advance—on-the-go or through their connected cars—and parking operator partners rely on us to help them reach new customers while optimizing their business. We connect the dots with cutting-edge technology",Internship,Internship,Marketing and Sales,Software Development,122 applicants,https://www.linkedin.com/company/spothero,https://media.licdn.com/dms/image/v2/D560BAQG5J3mYx4iZ_g/company-logo_100_100/company-logo_100_100/0/1707756331293/spothero_logo?e=2147483647&v=beta&t=61QIgRLtG-bCcolTk3UA_4bamC0y_VuLxmWHs34vtXE,2026-03-10,4382019248
40,Division III Marketing Intern (Summer),Oil-Dri Corporation of America,Marketing,"Chicago, IL",False,Unpaid,,,,True,,https://www.linkedin.com/jobs/view/division-iii-marketing-intern-summer-at-oil-dri-corporation-of-america-4346065670,linkedin,"Job Overview

The 2025 Summer Internship program will provide meaningful, hands-on experiences that align with key brand initiatives and business needs. Each intern will be assigned a strategic marketing project that provides exposure to strategic thinking, digital tools, brand strategy, consumer behavior, and cross-functional collaboration. The intern will work closely with the D3 Marketing team (Brand, eCommerce, Category Insights), receiving guidance and accountability, while also being empow",Volunteer,Internship,Marketing and Sales,Mining,178 applicants,https://www.linkedin.com/company/oil-dri-corporation-of-america,https://media.licdn.com/dms/image/v2/C4E0BAQFTuRSDKOCWnA/company-logo_100_100/company-logo_100_100/0/1631303115338?e=2147483647&v=beta&t=WkyRr3OVeMTPxUeovMJo1OZWZZCPo9uNBVuo0l57xYk,2025-12-23,4346065670
41,Marketing Intern,Culligan International,Marketing,"Rosemont, IL",,,Full-time,,,True,,https://www.linkedin.com/jobs/view/marketing-intern-at-culligan-international-4349344402,linkedin,"Marketing intern will support Culligan’s North American dealer marketing. This role will have hands-on experience with various aspects of traditional and digital marketing.

Key Position Responsibilities


Local dealer marketing via website, content, Google Business Profile (GBP) pages.
Marketing analytics and insights.
Market and competitive research.
Content audits, creation and optimization.
Assist with Salesforce database management.
Content support for Hey Culligan intranet
Perform other re",Full-time,Internship,Marketing and Sales,Consumer Services,Over 200 applicants,https://www.linkedin.com/company/culligan-international,https://media.licdn.com/dms/image/v2/D560BAQH_03CQz_saDg/company-logo_100_100/company-logo_100_100/0/1704215945925/culligan_international_company_logo?e=2147483647&v=beta&t=wL2pSXDY2haD4le9t6oEBLdCAFnxq6T4dUKqw7az7Xs,2026-03-09,4349344402
42,Website & Marketing Technology Internship,Paylocity,Marketing,"Schaumburg, IL",,,,,,True,,https://www.linkedin.com/jobs/view/website-marketing-technology-internship-at-paylocity-4375651122,linkedin,"Job Type

Internship

Description

Paylocity is an award-winning provider of cloud-based HR and payroll software solutions, offering the most complete platform for the modern workforce. The company has become one of the fastest-growing HCM software providers worldwide by offering an intuitive, easy-to-use product suite that helps businesses automate and streamline HR and payroll processes, attract and retain talent, and build a strong workplace culture.

While traditional HR and payroll provider",Internship,Internship,Marketing and Sales,Software Development,145 applicants,https://www.linkedin.com/company/paylocity,https://media.licdn.com/dms/image/v2/D560BAQHxjm3xy0bOvg/company-logo_100_100/company-logo_100_100/0/1719768059035/paylocity_logo?e=2147483647&v=beta&t=XVTdTP2k0XWiVi79zN3tueyG4XxZAmGgofeUwmxPgIU,2026-03-13,4375651122
43,Marketing Intern,SB Friedman Development Advisors,Marketing,"Chicago, IL",,,Full-time,,,True,,https://www.linkedin.com/jobs/view/marketing-intern-at-sb-friedman-development-advisors-4390722339,linkedin,"Location: Downtown Chicago (Hybrid)

Type: Internship (Part- or Full-time)

Category: Marketing

Experience: 0 – 1 year

Reports to: Marketing Director or Senior Marketing Coordinator




Who We Are

SB Friedman provides analytical, strategic and financial consulting services in support of complex, high-impact development projects and community planning initiatives. We frequently assist in structuring and negotiating the public-private partnerships that are essential to successfully implementing",Full-time,Internship,Marketing and Sales,Community Development and Urban Planning,53 applicants,https://www.linkedin.com/company/s.-b.-friedman-&-company,https://media.licdn.com/dms/image/v2/C4D0BAQGH8Z0itTSrVw/company-logo_100_100/company-logo_100_100/0/1644349813143/s_b_friedman__company_logo?e=2147483647&v=beta&t=o_aeYxoMgb1Q4h0UEwuJe1tanEW5KoL5wDLwQGV209U,2026-03-26,4390722339
44,Commissioning Intern (Summer 2026),dbHMS,Design & Engineering,"Chicago, IL",True,$20.00/hr - $25.00/hr,Full-time,,,True,,https://www.linkedin.com/jobs/view/commissioning-intern-summer-2026-at-dbhms-4298403612,linkedin,"Commissioning Intern

Firm Overview

Do more than just build! At dbHMS, we are a collection of doers and thinkers. We combine our passion for engineering with our client’s vision to realize successful construction projects in our community and worldwide. Together with our clients, we are dedicated to leaving a legacy of stewardship and innovation through our impact on the built environment. Our staff of talented individuals and unique characters is united in their dedication to delivering high-p",Full-time,Internship,Education and Training,Engineering Services,51 applicants,https://www.linkedin.com/company/dbhms-design-build-engineering,https://media.licdn.com/dms/image/v2/C4E0BAQGnKRthx18YtQ/company-logo_100_100/company-logo_100_100/0/1631353099450?e=2147483647&v=beta&t=m7-m8sSAChF4kbph16lllo70lCbQp31hnZmDOJgnzjc,2025-09-09,4298403612
45,Visual Design Intern,Envisionit,Marketing,"Chicago, IL",,,,,,True,,https://www.linkedin.com/jobs/view/visual-design-intern-at-envisionit-4390636303,linkedin,"Envisionit, an award-winning digital marketing agency based in Chicago, is looking for the next up-and-coming designer to join our creative team this summer. As our Visual Design Intern, you'll learn the ins and outs of bringing digital creative campaigns and digital experiences to life—from early creative concepts all the way to production. You'll also partner with teams across the agency to elevate our brand, content, and collateral. Along the way, you'll fine tune your design skills working a",Internship,Internship,"Marketing, Public Relations, and Writing/Editing",Advertising Services,96 applicants,https://www.linkedin.com/company/envisionitagency,https://media.licdn.com/dms/image/v2/D560BAQHuQW_0SYoXRg/company-logo_100_100/B56ZfGokFIG0AU-/0/1751384212491/envisionitagency_logo?e=2147483647&v=beta&t=MBJ4i7EELWGbwvxbEdcjL8lH_8Gs5pkmJ-2MLHU88uI,2026-03-25,4390636303
46,Brand Design Intern,Walker Sands,Marketing,"Chicago, IL",,,,,,True,,https://www.linkedin.com/jobs/view/brand-design-intern-at-walker-sands-4379970294,linkedin,"We strongly encourage people of color, lesbian, gay, bisexual, transgender, queer and non-binary people, veterans, parents, and individuals with disabilities to apply. As an equal-opportunity employer, Walker Sands is committed to diversity, equity, and inclusion and welcomes everyone to our team.

In your application, please feel free to note which pronouns you use (For example – she/her/hers, he/him/his, they/them/theirs, etc). If you need reasonable accommodation at any point in the applicati",Internship,Internship,Marketing and Sales,Marketing Services,Over 200 applicants,https://www.linkedin.com/company/walker-sands,https://media.licdn.com/dms/image/v2/C4E0BAQEDJJuuKX6-UQ/company-logo_100_100/company-logo_100_100/0/1630577843194/walker_sands_communications_logo?e=2147483647&v=beta&t=ZI_tCJisMj04EXxLklIls8x19qEgeA964H4rRrmpqY0,2026-03-02,4379970294
47,Digital Video Intern (Summer 2026),Village of Mount Prospect,Post-Production & Film,"Mount Prospect, IL",,,,,,True,,https://www.linkedin.com/jobs/view/digital-video-intern-summer-2026-at-village-of-mount-prospect-4372136378,linkedin,"Internship Description

The Village of Mount Prospect Television Services is recruiting for the position of Digital Video Intern for its Communications Division. This position will run for approximately 10-12 continuous weeks and require a minimum of 25 hours per week and pays $16 hourly wage.

Requirements

Knowledge in studio and or remote shooting and non-linear editing is required. Knowledge of Adobe Creative Suite is a plus. The Intern must be able to work independently and be able to work ",Internship,Internship,"Design, Art/Creative, and Information Technology",Government Administration,59 applicants,https://www.linkedin.com/company/village-of-mount-prospect,https://media.licdn.com/dms/image/v2/C4E0BAQEkywHQF6g8JQ/company-logo_100_100/company-logo_100_100/0/1630646038134/village_of_mount_prospect_logo?e=2147483647&v=beta&t=MWGhv8qrhjovTwox-vk4GBSHbc4x9G2ZNVriomGoUB0,2026-02-12,4372136378
48,"Part Time Design Intern- Joss & Main Oakbrook, IL",Wayfair,Design & Engineering,"Oak Brook, IL",True,$22.00/hr - $22.00/hr,Full-time,,,True,,https://www.linkedin.com/jobs/view/part-time-design-intern-joss-main-oakbrook-il-at-wayfair-4387243904,linkedin,"Part Time Design Intern Joss & Main (A Wayfair Specialty Retail Store)

Location: Oakbrook, IL

Pay: The base pay for this position is $22.00 per hour. The base pay offered may vary depending on location, job-related knowledge, skills, and experience.

About The Program

Come join the team that is reinventing home! Wayfair is hiring for our Joss & Main retail store! This internship is a launchpad for your career, offering hands-on experience in retail sales, customer service, and interior design",Full-time,Internship,"Design, Art/Creative, and Information Technology",Retail,35 applicants,https://www.linkedin.com/company/wayfair,https://media.licdn.com/dms/image/v2/D4E0BAQE5VUS4aKzIjw/company-logo_100_100/company-logo_100_100/0/1707335788746/wayfair_logo?e=2147483647&v=beta&t=a4Yc_3etDpvzYYPZlz7RKAsnryw37x8G9vVJhQ7V024,2026-03-17,4387243904
49,Design Research - Summer Intern,"HKS, Inc.",Design & Engineering,"Chicago, IL",,,Full-time,,,True,,https://www.linkedin.com/jobs/view/design-research-summer-intern-at-hks-inc-4386582581,linkedin,"Overview

Under close supervision, performs assignments receiving specific and detailed

instruction as to tasks required and results expected. The intern is integrated into a multi-disciplinary R&D team to participate in as much of the process as possible. The design research intern will be focused on collecting, analyzing, and synthesizing data from our HKS offices via surveys, focus groups, and observations. Role can include building dashboard prototypes for reporting data insights.

Responsi",Full-time,Internship,Engineering and Information Technology,Architecture and Planning,146 applicants,https://www.linkedin.com/company/hks,https://media.licdn.com/dms/image/v2/C4E0BAQFZIIe_lCIG_w/company-logo_100_100/company-logo_100_100/0/1630585842362/hks_logo?e=2147483647&v=beta&t=iNvTlp-FrlRgO5gYduoagqcsl5DSG79M_JLmEFJClIE,2026-03-18,4386582581
50,eCommerce Marketing Intern - Social,The Bradford Exchange,Marketing,"Niles, IL",,,,,,True,,https://www.linkedin.com/jobs/view/ecommerce-marketing-intern-social-at-the-bradford-exchange-4381780240,linkedin,"Impassioned…Emboldened…Infinitely Curious: The Bradford Group family of brands is a world leader in new product development. We have been selling joy for over 50 years! Our global organization consists of various business divisions ranging from jewelry, apparel, collectible coins and so much more. We concept, create, design and market our creative products directly to our customers, and leverage licenses with the biggest names in entertainment and sports to b ring unique and curated products to ",Internship,Internship,Management and Manufacturing,Online and Mail Order Retail,Be among the first 25 applicants,https://www.linkedin.com/company/the-bradford-exchange,https://media.licdn.com/dms/image/v2/C4E0BAQHKNy5wXewx0g/company-logo_100_100-alternative/company-logo_100_100-alternative/0/1630626273514/the_bradford_exchange_logo?e=2147483647&v=beta&t=RC9Xwpg-gJ3Ln6WV5Vzx2_fXnGFNHlgN_mUDzAFGOc0,2026-03-09,4381780240
51,Marketing and Growth Internship for Tech Startup,Entrepreneur Cooperative,Marketing,"Chicago, IL",,,,,,True,,https://www.linkedin.com/jobs/view/marketing-and-growth-internship-for-tech-startup-at-entrepreneur-cooperative-4279038322,linkedin,"LinkedIn Growth Internship (Paid | Remote)

Company: Emerald (HireEmerald.com)

Location: Remote

Commitment: 5 hours per week

Compensation: Performance-based

About Emerald

Emerald connects high-caliber global talent with U.S. companies. We are building a next-generation recruiting and business development platform and we believe LinkedIn is the most powerful career asset a student can own.

This internship is designed to help you grow professionally while building a strong, long-term LinkedI",Internship,Internship,Engineering and Information Technology,Internet Publishing,Over 200 applicants,https://www.linkedin.com/company/entrepreneur-cooperative,https://media.licdn.com/dms/image/v2/D4E0BAQEg6MpwHbTSbA/company-logo_100_100/B4EZfvEViZHIAg-/0/1752062581504/entrepreneur_cooperative_logo?e=2147483647&v=beta&t=EUqhfWC2EqMT6oCEJxTRa38TPumrUCoJ2Umxw3-0yxo,2025-08-01,4279038322
52,eCommerce Marketing Intern - Search,The Bradford Exchange,Marketing,"Niles, IL",,,,,,True,,https://www.linkedin.com/jobs/view/ecommerce-marketing-intern-search-at-the-bradford-exchange-4381766710,linkedin,"Impassioned…Emboldened…Infinitely Curious: The Bradford Group family of brands is a world leader in new product development. We have been selling joy for over 50 years! Our global organization consists of various business divisions ranging from jewelry, apparel, collectible coins and so much more. We concept, create, design and market our creative products directly to our customers, and leverage licenses with the biggest names in entertainment and sports to b ring unique and curated products to ",Internship,Internship,Management and Manufacturing,Online and Mail Order Retail,Be among the first 25 applicants,https://www.linkedin.com/company/the-bradford-exchange,https://media.licdn.com/dms/image/v2/C4E0BAQHKNy5wXewx0g/company-logo_100_100-alternative/company-logo_100_100-alternative/0/1630626273514/the_bradford_exchange_logo?e=2147483647&v=beta&t=RC9Xwpg-gJ3Ln6WV5Vzx2_fXnGFNHlgN_mUDzAFGOc0,2026-03-09,4381766710
53,Electrical Design Intern,Exp Federal,Design & Engineering,"Chicago, IL",False,Unpaid,,,,True,,https://www.linkedin.com/jobs/view/electrical-design-intern-at-exp-federal-4380998084,linkedin,"Location: Chicago, IL

Exp Federal is an established Chicago-based full service architectural and engineering firm that provides a full range of exceptional design solutions and construction support to the federal government. Our team of professionals operates in some of the most challenging environments to provide support services to a variety of governmental agencies globally.

The Challenge

We are seeking an Electrical Design Intern to join our growing design team in our Chicago office. This",Volunteer,Internship,Engineering and Information Technology,Engineering Services,102 applicants,https://www.linkedin.com/company/exp-federal,https://media.licdn.com/dms/image/v2/C560BAQFIkHP010O6jA/company-logo_100_100/company-logo_100_100/0/1672187123285/exp_federal_logo?e=2147483647&v=beta&t=IT5Iy-4NpRMEQAPdQCAOi7nemMUBEG75ajnnIXdYOn4,2026-03-26,4380998084
54,Engineer Intern - Mechanical (Summer 2026),dbHMS,Design & Engineering,"Chicago, IL",True,$20.00/hr - $25.00/hr,Full-time,,,True,,https://www.linkedin.com/jobs/view/engineer-intern-mechanical-summer-2026-at-dbhms-4370899416,linkedin,"Firm Overview

Do more than just build! At dbHMS, we are a collection of doers and thinkers. We combine our passion for engineering with our client’s vision to realize successful construction projects in our community and worldwide. Together with our clients, we are dedicated to leaving a legacy of stewardship and innovation through our impact on the built environment. Our staff of talented individuals and unique characters is united in their dedication to deliver high-performance, efficient, an",Full-time,Internship,Engineering and Information Technology,Engineering Services,124 applicants,https://www.linkedin.com/company/dbhms-design-build-engineering,https://media.licdn.com/dms/image/v2/C4E0BAQGnKRthx18YtQ/company-logo_100_100/company-logo_100_100/0/1631353099450?e=2147483647&v=beta&t=m7-m8sSAChF4kbph16lllo70lCbQp31hnZmDOJgnzjc,2026-02-09,4370899416
55,Engineer Intern - Electrical (Summer 2026),dbHMS,Design & Engineering,"Chicago, IL",True,$20.00/hr - $25.00/hr,Full-time,,,True,,https://www.linkedin.com/jobs/view/engineer-intern-electrical-summer-2026-at-dbhms-4371483265,linkedin,"Engineer Intern - Electrical (Spring 2026)

Firm Overview

Do more than just build! At dbHMS, we are a collection of doers and thinkers. We combine our passion for engineering with our client’s vision to realize successful construction projects in our community and worldwide. Together with our clients, we are dedicated to leaving a legacy of stewardship and innovation through our impact on the built environment. Our staff of talented individuals and unique characters is united in their dedicatio",Full-time,Internship,Engineering and Information Technology,Engineering Services,58 applicants,https://www.linkedin.com/company/dbhms-design-build-engineering,https://media.licdn.com/dms/image/v2/C4E0BAQGnKRthx18YtQ/company-logo_100_100/company-logo_100_100/0/1631353099450?e=2147483647&v=beta&t=m7-m8sSAChF4kbph16lllo70lCbQp31hnZmDOJgnzjc,2026-02-11,4371483265
56,"Intern, RFIC Design Validation and Characterization - Summer 2026","pSemi, A Murata Company",Design & Engineering,"Arlington Heights, IL",,,Full-time,,,True,,https://www.linkedin.com/jobs/view/intern-rfic-design-validation-and-characterization-summer-2026-at-psemi-a-murata-company-4384287693,linkedin,"pSemi Corporation is a Murata company driving semiconductor integration. pSemi builds on Peregrine Semiconductor’s 30-year legacy of technology advancements and strong IP portfolio but with a new mission—to enhance Murata’s world-class capabilities with high-performance semiconductors. With a strong foundation in RF integration, pSemi’s product portfolio now spans power management, connected sensors, optical transceivers, antenna tuning and RF frontends. These intelligent and efficient semicondu",Full-time,Internship,Quality Assurance,Semiconductor Manufacturing,30 applicants,https://www.linkedin.com/company/psemi,https://media.licdn.com/dms/image/v2/C560BAQFTAVBkbf6vig/company-logo_100_100/company-logo_100_100/0/1630641677411/psemi_logo?e=2147483647&v=beta&t=L3JY79yHYA2Z_cEyad1tuHkIRP3DcTJz7DjUTw8B2Hc,2026-03-13,4384287693
57,"Intern, RFIC Design Validation and Characterization - Spring - Summer 2026","pSemi, A Murata Company",Design & Engineering,"Arlington Heights, IL",,,Full-time,,,True,,https://www.linkedin.com/jobs/view/intern-rfic-design-validation-and-characterization-spring-summer-2026-at-psemi-a-murata-company-4384281878,linkedin,"pSemi Corporation is a Murata company driving semiconductor integration. pSemi builds on Peregrine Semiconductor’s 30-year legacy of technology advancements and strong IP portfolio but with a new mission—to enhance Murata’s world-class capabilities with high-performance semiconductors. With a strong foundation in RF integration, pSemi’s product portfolio now spans power management, connected sensors, optical transceivers, antenna tuning and RF frontends. These intelligent and efficient semicondu",Full-time,Internship,Quality Assurance,Semiconductor Manufacturing,Be among the first 25 applicants,https://www.linkedin.com/company/psemi,https://media.licdn.com/dms/image/v2/C560BAQFTAVBkbf6vig/company-logo_100_100/company-logo_100_100/0/1630641677411/psemi_logo?e=2147483647&v=beta&t=L3JY79yHYA2Z_cEyad1tuHkIRP3DcTJz7DjUTw8B2Hc,2026-03-13,4384281878
58,Sustainable Design Intern,"Ryan Companies US, Inc.",Design & Engineering,"Chicago, IL",,,Full-time,,,True,,https://www.linkedin.com/jobs/view/sustainable-design-intern-at-ryan-companies-us-inc-4377790374,linkedin,"Job Description

Ryan Companies has an exciting opportunity to join our team as a Sustainable Design Intern in our Chicago office!

This position requires a creative, innovative, collaborative and forward-thinking student enrolled in a design program focusing on Architecture or Interior Design. This person will be working under direct supervision of the Sustainability Team to gain experience in multiple areas of building analysis and ideation. The successful candidate will be willing to take spe",Full-time,Internship,"Design, Art/Creative, and Information Technology",Real Estate,121 applicants,https://www.linkedin.com/company/ryan-companies-us-inc-,https://media.licdn.com/dms/image/v2/C4D0BAQHmo-R4pKf_og/company-logo_100_100/company-logo_100_100/0/1631308520735?e=2147483647&v=beta&t=pvT4yeBFslgH8B0cc3-8U0Kzo_vSOlNAueB21mECNI0,2026-03-05,4377790374
59,Sustainability Intern (Summer 2026),dbHMS,Design & Engineering,"Chicago, IL",True,$20.00/hr - $25.00/hr,Full-time,,,True,,https://www.linkedin.com/jobs/view/sustainability-intern-summer-2026-at-dbhms-4309097847,linkedin,"Firm Overview

Do more than just build! At dbHMS, we are a collection of doers and thinkers. We combine our passion for engineering with our client’s vision to realize successful construction projects in our community and worldwide. Together with our clients, we are dedicated to leaving a legacy of stewardship and innovation through our impact on the built environment. Our staff of talented individuals and unique characters is united in their dedication to deliver high-performance, efficient, an",Full-time,Internship,Education and Training,Engineering Services,Over 200 applicants,https://www.linkedin.com/company/dbhms-design-build-engineering,https://media.licdn.com/dms/image/v2/C4E0BAQGnKRthx18YtQ/company-logo_100_100/company-logo_100_100/0/1631353099450?e=2147483647&v=beta&t=m7-m8sSAChF4kbph16lllo70lCbQp31hnZmDOJgnzjc,2025-10-01,4309097847
60,Civil Engineer - Drainage,"Christopher B. Burke Engineering, Ltd.",Design & Engineering,"Rosemont, IL",,,Full-time,,,True,,https://www.linkedin.com/jobs/view/civil-engineer-drainage-at-christopher-b-burke-engineering-ltd-4380483007,linkedin,"If you enjoy hands‑on design work, solving engineering challenges, and learning from experienced mentors, this role gives you the foundation to grow quickly in the drainage discipline.

At CBBEL, Our Values Guide Everything We Do

Integrity – We follow through on our promises.

Excellence – We’re always learning, growing, and raising the bar.

Fellowship – We support each other like a true team.

Resilience – We stay steady even when challenges arise.

Collaboration – We bring our best when we w",Full-time,Internship,Engineering and Information Technology,Civil Engineering,28 applicants,https://www.linkedin.com/company/cbbel,https://media.licdn.com/dms/image/v2/D560BAQF5UXaVTftHkw/company-logo_100_100/B56ZxIdSjWKIAQ-/0/1770742164098/cbbel_logo?e=2147483647&v=beta&t=3Hd8LUzfAySz1S35AKL8RuHMZTs93x3k3VqoI8jzgoU,2026-03-20,4380483007
61,Summer Post-Production Intern,Weigel Broadcasting Co.,Broadcast & Radio,"Chicago, IL",,,,,,True,,https://www.linkedin.com/jobs/view/summer-post-production-intern-at-weigel-broadcasting-co-4377189372,linkedin,"Description

About Us:

Weigel Broadcasting Co. is a family-owned media company based in Chicago, Illinois. The company owns and operates national television networks, as well as local broadcast stations throughout the country. Weigel is a leader in broadcast television with MeTV, Memorable Entertainment Television, the number one rated classic TV entertainment network, as well as the Movies! Network in cooperation with the Fox Television Stations, the Catchy Comedy Network, the H&I - Heroes & I",Internship,Internship,"Marketing, Public Relations, and Writing/Editing",Broadcast Media Production and Distribution,135 applicants,https://www.linkedin.com/company/weigel-broadcasting,https://media.licdn.com/dms/image/v2/D560BAQER1g98NJgTOQ/company-logo_100_100/company-logo_100_100/0/1703789797954/weigel_broadcasting_logo?e=2147483647&v=beta&t=UgAtdkUf8HtI-_3juSVSmFHLiwmD_d3XTKybbCEX48Q,2026-02-24,4377189372
62,UEG Summer Intern,Edelman,Other,"Chicago, IL",,,Full-time,,,True,,https://www.linkedin.com/jobs/view/ueg-summer-intern-at-edelman-4385542002,linkedin,"We are in relentless pursuit of an equitable and inspiring workplace that is respectful of all, reflects and represents the world in which we live, and fosters trust, collaboration and belonging. Consistent with this approach, we hire the best qualified candidates for all positions.

Role

Summer Interns will support teams across a range of public relations disciplines and contribute to real client work. Interns will gain hands-on experience, build core professional skills, and learn through str",Full-time,Internship,Education and Training,Public Relations and Communications Services,Over 200 applicants,https://www.linkedin.com/company/edelman,https://media.licdn.com/dms/image/v2/C4E0BAQEAzhZa5uRFvg/company-logo_100_100/company-logo_100_100/0/1672758014870/edelman_logo?e=2147483647&v=beta&t=q-ZVodqcDceO-vJnytU3tqnu21fOYg2_yE1F6q1DaYY,2026-03-13,4385542002
63,Summer Intern,Weigel Broadcasting Co.,Broadcast & Radio,"Chicago, IL",,,,,,True,,https://www.linkedin.com/jobs/view/summer-intern-at-weigel-broadcasting-co-4377553270,linkedin,"Description

About Us:

Weigel Broadcasting Co. is a family-owned media company based in Chicago, Illinois. The company owns and operates national television networks, as well as local broadcast stations throughout the country. Weigel is a leader in broadcast television with MeTV, Memorable Entertainment Television, the number one rated classic TV entertainment network, as well as the Movies! Network in cooperation with the Fox Television Stations, the Catchy Comedy Network, the H&I - Heroes & I",Internship,Internship,Education and Training,Broadcast Media Production and Distribution,189 applicants,https://www.linkedin.com/company/weigel-broadcasting,https://media.licdn.com/dms/image/v2/D560BAQER1g98NJgTOQ/company-logo_100_100/company-logo_100_100/0/1703789797954/weigel_broadcasting_logo?e=2147483647&v=beta&t=UgAtdkUf8HtI-_3juSVSmFHLiwmD_d3XTKybbCEX48Q,2026-02-25,4377553270
64,Visual Media Intern,Ravinia Festival,Post-Production & Film,"Highland Park, IL",True,$16.75/hr - $16.75/hr,,,,True,,https://www.linkedin.com/jobs/view/visual-media-intern-at-ravinia-festival-4370689922,linkedin,"Position Title:  Visual Media Intern




Department: Marketing & Communications




Reports To: Associate Creative Director 




Range: $16.75/hr (non-exempt) 






Company Description




At Ravinia, we believe in the transformative power of shared, live-music moments and their ability to inspire individuals, strengthen communities, and foster a more connected world.




Beyond presenting outstanding performances by the world’s greatest musicians, our mission as a not-for-profit organization i",Internship,Internship,"Marketing, Public Relations, and Writing/Editing",Music,158 applicants,https://www.linkedin.com/company/ravinia-festival,https://media.licdn.com/dms/image/v2/D560BAQHfDVAvdKYfJg/company-logo_100_100/company-logo_100_100/0/1664899263051/ravinia_festival_logo?e=2147483647&v=beta&t=nx3M3IdRc_QzVk3cSsk85t8St39CKrkYm3g5Yg5fQx4,2026-02-10,4370689922
65,Artistic Intern,Lyric Opera of Chicago,Other,"Chicago, IL",,,,,,True,,https://www.linkedin.com/jobs/view/artistic-intern-at-lyric-opera-of-chicago-4378068427,linkedin,"REPORTS TO: Chief Artistic Officer

TERM: June-December 2026

HOURS: 25-30 hours per week (In-Office)

Through artistic excellence coupled with innovative, relevant programming; initiatives to connect with and grow new audiences; engagement with communities to ignite creativity across Chicago; and a modernized Opera House that is the setting for truly great experiences, Lyric is leading the advancement of opera. This collaborative vision will deliver ever more exciting, thought-provoking, and in",Internship,Internship,Education and Training,Internet Publishing,101 applicants,https://www.linkedin.com/company/lyric-opera-of-chicago,https://media.licdn.com/dms/image/v2/C560BAQEDhR1stB3BKQ/company-logo_100_100/company-logo_100_100/0/1630627471773/lyric_opera_of_chicago_logo?e=2147483647&v=beta&t=V88QpsNUHEsVk7NKnBlSwYMuGiR1ESL2mV54vtHXFfM,2026-02-26,4378068427
66,Adult Wellness Center Intern,Casa Central,Other,"Chicago, IL",,,,,,True,,https://www.linkedin.com/jobs/view/adult-wellness-center-intern-at-casa-central-4319000714,linkedin,"Adult Wellness Center (B.A./BSW-level)




Since 1981, the Adult Wellness Center has offered daily, supervised care to Latino and other older adults.  The program provides a wide variety of fun fitness programs (exercise classes, pedal classes, chair yoga, etc.) and therapeutic activities (music, art, drama, dancing, gardening) to help older adults maintain or improve their emotional, cognitive, and physical well-being. The Center also provides health monitoring, educational workshops, monthly b",Internship,Internship,Health Care Provider,Civic and Social Organizations,35 applicants,https://www.linkedin.com/company/casa-central,https://media.licdn.com/dms/image/v2/C560BAQGPTIvOtLDHlA/company-logo_100_100/company-logo_100_100/0/1630576798368/casa_central_logo?e=2147483647&v=beta&t=6PO3x2Lm-suhjCG66peZoGYVh2sU8s1VWOFPL_3RL1w,2025-09-28,4319000714
67,CMN Internship,AEG,Other,"Chicago, IL",,,,,,True,,https://www.linkedin.com/jobs/view/cmn-internship-at-aeg-4387195881,linkedin,"Company Information

For more than 20 years, AEG has played a pivotal role in transforming sports and live entertainment. Annually, we host more than 160 million guests, promote more than 10,000 shows and present more than 22,000 events around the world. We are committed to innovation, artistry, and community, and leverage the power of our 300+ venues, leading sports franchises, marquee music brands, integrated entertainment districts, premier ticketing platform and global sponsorship activation",Internship,Internship,Education and Training,Entertainment Providers,58 applicants,https://www.linkedin.com/company/aeg,https://media.licdn.com/dms/image/v2/C4D0BAQH_l_zZvUr-xw/company-logo_100_100/company-logo_100_100/0/1679460574837/aeg_logo?e=2147483647&v=beta&t=qysuSEcDyl0SwVBykxGlBnblUs7lUHeDZibKK2M-wq8,2026-03-19,4387195881
68,Summer Intern- Shop Operations (Rotational),Production Resource Group,Music Business,"La Grange, IL",,,,,,True,,https://www.linkedin.com/jobs/view/summer-intern-shop-operations-rotational-at-production-resource-group-4384637441,linkedin,"PRG is the world’s leading technology provider within the entertainment and events industry. Our mission is to bring together the power of our people with our production and rental expertise to deliver unforgettable events.

PRG has the largest inventory of production equipment for hire and offers a complete 360-degree range of services to clients within the live events industry. These include music touring and festivals, TV & Film, Theatre, Sports and E-sports and Corporate live events. Our cli",Internship,Internship,Management and Manufacturing,Entertainment,Be among the first 25 applicants,https://www.linkedin.com/company/prg,https://media.licdn.com/dms/image/v2/D4E0BAQEtRjoQMoHeew/company-logo_100_100/company-logo_100_100/0/1708957136714/prg_logo?e=2147483647&v=beta&t=Pe-N-5gxI3AG01tLay37PzGQAThcCCBL7NWywUisGdQ,2026-03-14,4384637441
69,Veterinary Extern - General Practice,NVA General Practice,Other,"Deerfield, IL",,,,,,True,,https://www.linkedin.com/jobs/view/veterinary-extern-general-practice-at-nva-general-practice-4355611342,linkedin,"Deerfield Animal Care Center has 3 veterinarians and 4 veterinary assistants

We have ultrasound, in-house lab suite (procyte dx, catalyst 1, IDEXX vet lab UA, IDEXX sedivue DX, IDEXX snap pro, IDEXX coag DX) new digital radiography, dental and surgical suites.

At our hospital, veterinary students and new graduates are welcomed into a supportive, hands-on learning environment guided by a team of compassionate doctors trained in internal medicine, general practice, and integrative medicine. Our ",Internship,Internship,Education and Training,Veterinary Services,Be among the first 25 applicants,https://www.linkedin.com/company/nva-general-practice,https://media.licdn.com/dms/image/v2/D560BAQG9X3XbWmOlBQ/company-logo_100_100/B56ZqE661aJ4AQ-/0/1763166629499/nva_general_practice_logo?e=2147483647&v=beta&t=mz5QqsiOESCMIzLpRfy8EefxmNtz5wBlP-upKi9U7eI,2026-03-29,4355611342
70,Development Operations Intern,Ravinia Festival,Music Business,"Highland Park, IL",,,,,,True,,https://www.linkedin.com/jobs/view/development-operations-intern-at-ravinia-festival-4338355226,linkedin,"The Development Operations Intern provides support to the Development Department at Ravinia as an important member of the Operations team. This position plays a role in assisting with Ravinia’s annual fund campaign, gift entry and processing, providing exceptional customer service to Ravinia’s 5,000+ individual donors, planning and executing events, and playing a vital role in the VIP Donor Ticketing service, assisting Ravinia’s most generous donors. The position offers an opportunity to gain va",Internship,Internship,Education and Training,Music,77 applicants,https://www.linkedin.com/company/ravinia-festival,https://media.licdn.com/dms/image/v2/D560BAQHfDVAvdKYfJg/company-logo_100_100/company-logo_100_100/0/1664899263051/ravinia_festival_logo?e=2147483647&v=beta&t=nx3M3IdRc_QzVk3cSsk85t8St39CKrkYm3g5Yg5fQx4,2025-11-06,4338355226
71,Production Tech Intern,Barstool Sports,Sound Engineering,"Chicago, IL",,,,,,True,,https://www.linkedin.com/jobs/view/production-tech-intern-at-barstool-sports-4378895342,linkedin,"Barstool Sports is seeking a Production Tech Intern to support the Wake Up Barstool team and the CHQ Control Room in our Chicago office. This role offers hands-on experience in live television engineering, control room operations, and broadcast technology for a daily, early-morning sports talk show.

You will work directly with the Wake Up Barstool Director/Technical Director, assisting with daily show setup, live production support, and post-show technical development. This internship is ideal ",Internship,Internship,Management and Manufacturing,Online Audio and Video Media,123 applicants,https://www.linkedin.com/company/barstool-sports,https://media.licdn.com/dms/image/v2/C4D0BAQG150it8u-9iA/company-logo_100_100/company-logo_100_100/0/1631305220261?e=2147483647&v=beta&t=AXpWKA64w_kcZxqnBnnQ-9p-sBriv_rDckYSPH4b3Bw,2026-03-02,4378895342
72,Digital Production Unpaid Internship,High Impact Promotion,Media Production,"Chicago, IL",False,Unpaid,Full-time,,,True,,https://www.linkedin.com/jobs/view/digital-production-unpaid-internship-at-high-impact-promotion-4390722583,linkedin,"Digital Production Internship

Unpaid • 4–6 Hours/Week • 3-Month Commitment • Chicago-Based (Hybrid)

PLEASE READ FULL DESCRIPTION BEFORE APPLYING

High Impact Promotion (formerly Salamea.Marketing LLC) is a Chicago-based media and marketing agency specializing in high-impact video production, drone services, event coverage, and content creation for brands, conferences, hotels, and creative partners globally.

We operate with a hybrid creative model, supported by editors, interns, videographers,",Full-time,Internship,"Design, Art/Creative, and Information Technology",Media Production,Be among the first 25 applicants,https://www.linkedin.com/company/high-impact-promotion,https://media.licdn.com/dms/image/v2/D4E0BAQHl9pVSZ-OwLg/company-logo_100_100/B4EZrNsb2THMAc-/0/1764387569324/high_impact_promotion_logo?e=2147483647&v=beta&t=YC35QZ7laVRpKFPCT44D8xm52Xw33oJOlYszpRJie-w,2026-03-26,4390722583
73,Mostly Sports Production Intern,Barstool Sports,Sound Engineering,"Chicago, IL",,,,,,True,,https://www.linkedin.com/jobs/view/mostly-sports-production-intern-at-barstool-sports-4386974434,linkedin,"Barstool Sports is seeking a Mostly Sports Intern to join our team for the summer. Mostly Sports covers the daily world of sports and beyond, blending commentary, internet culture, and fan-driven energy into a fast-growing live show. This role is perfect for someone who lives and breathes sports, understands the digital content landscape, and wants hands-on experience in both live production and long-form content creation.

This internship runs from May 26 to August 28 and is based 100% in our C",Internship,Internship,Other,Online Audio and Video Media,Over 200 applicants,https://www.linkedin.com/company/barstool-sports,https://media.licdn.com/dms/image/v2/C4D0BAQG150it8u-9iA/company-logo_100_100/company-logo_100_100/0/1631305220261?e=2147483647&v=beta&t=AXpWKA64w_kcZxqnBnnQ-9p-sBriv_rDckYSPH4b3Bw,2026-03-17,4386974434
74,General Production Intern,Barstool Sports,Sound Engineering,"Chicago, IL",,,,,,True,,https://www.linkedin.com/jobs/view/general-production-intern-at-barstool-sports-4386392532,linkedin,"Barstool Sports is seeking a General Production Intern to join our growing Production team for the summer. This role provides hands-on experience across various aspects of production, assisting on multiple projects simultaneously. You’ll work closely with producers, contribute to content creation, and gain firsthand experience in live events, studio shows, podcasts, and more. This internship runs from May 26 to August 30 and is based 100% in our Chicago office.

What You'll Do
Work alongside and",Internship,Internship,Management and Manufacturing,Online Audio and Video Media,Over 200 applicants,https://www.linkedin.com/company/barstool-sports,https://media.licdn.com/dms/image/v2/C4D0BAQG150it8u-9iA/company-logo_100_100/company-logo_100_100/0/1631305220261?e=2147483647&v=beta&t=AXpWKA64w_kcZxqnBnnQ-9p-sBriv_rDckYSPH4b3Bw,2026-03-16,4386392532
75,The Yak Production Intern,Barstool Sports,Sound Engineering,"Chicago, IL",,,,,,True,,https://www.linkedin.com/jobs/view/the-yak-production-intern-at-barstool-sports-4386949604,linkedin,"Barstool Sports is seeking a The Yak Intern to join our team for the summer. The Yak is one of Barstool’s most iconic live shows, known for its off-the-cuff humor, unpredictable energy, wild antics, and deeply loyal fanbase. This role is ideal for someone who understands the chaos, thrives in it, and can help amplify the funniest moments in real time.

This internship runs from May 26 to August 28 and is based 100% in our Chicago office.

 

What You'll Do

Assist in the daily production of The ",Internship,Internship,Management and Manufacturing,Online Audio and Video Media,169 applicants,https://www.linkedin.com/company/barstool-sports,https://media.licdn.com/dms/image/v2/C4D0BAQG150it8u-9iA/company-logo_100_100/company-logo_100_100/0/1631305220261?e=2147483647&v=beta&t=AXpWKA64w_kcZxqnBnnQ-9p-sBriv_rDckYSPH4b3Bw,2026-03-17,4386949604
76,Performance Creative Production Intern,Black Girl Vitamins,Media Production,"Chicago, IL",True,$25.00/hr - $30.00/hr,,,,True,,https://www.linkedin.com/jobs/view/performance-creative-production-intern-at-black-girl-vitamins-4377020464,linkedin,"Black Girl Vitamins is hiring 2 to 3 interns to support high-volume, performance-driven paid social creative.

This role sits at the intersection of design and growth. You will produce and iterate on conversion-focused creative using AI-powered tools to increase testing velocity. The goal is measurable impact on clicks, conversion rate, and revenue.

This is not an AI engineering role. You will use AI tools to accelerate creative production and experimentation.

Ideal for undergraduate or gradua",Internship,Internship,Human Resources,Wellness and Fitness Services,112 applicants,https://www.linkedin.com/company/black-girl-vitamins,https://media.licdn.com/dms/image/v2/D560BAQGnUZw_mB0sJA/company-logo_100_100/B56ZxyTP5_KUAU-/0/1771444175248?e=2147483647&v=beta&t=zSNmsnWgU3oi81ZLig97Bc9oosd2PR0C1Wkzia5qJVE,2026-02-23,4377020464
